{"cameraMode":{"drawMode":0,"name":"Shaded","section":"Shading Mode"},"sceneLighting":false,"audioPlay":false,"sceneViewState":{"m_AlwaysRefresh":true,"showFog":false,"showSkybox":false,"showFlares":true,"showImageEffects":false,"showParticleSystems":true,"showVisualEffectGraphs":true,"m_FxEnabled":true},"in2DMode":false,"pivot":{"x":-0.028585245832800866,"y":0.24040201306343079,"z":5.488598346710205},"rotation":{"x":-0.17244437336921693,"y":-0.8243587613105774,"z":0.33915767073631289,"w":-0.41915592551231387},"size":9.12024974822998,"orthographic":false}